{"cameraMode":{"drawMode":0,"name":"Shaded","section":"Shading Mode"},"sceneLighting":true,"audioPlay":false,"sceneViewState":{"showFog":true,"showMaterialUpdate":true,"showSkybox":true,"showFlares":true,"showImageEffects":true,"showParticleSystems":true},"in2DMode":false,"pivot":{"x":8.279793739318848,"y":5.4194746017456059,"z":4.31147575378418},"rotation":{"x":-0.33494704961776736,"y":-0.5112984776496887,"z":0.22576716542243958,"w":-0.7585602402687073},"size":11.492212295532227,"orthographic":false}