{"cameraMode":{"drawMode":0,"name":"Shaded","section":"Shading Mode"},"sceneLighting":true,"audioPlay":false,"sceneViewState":{"showFog":true,"showMaterialUpdate":true,"showSkybox":true,"showFlares":true,"showImageEffects":true,"showParticleSystems":true},"in2DMode":false,"pivot":{"x":28.038482666015626,"y":8.507583618164063,"z":29.609317779541017},"rotation":{"x":-0.2313268482685089,"y":-0.3065345883369446,"z":0.0770673081278801,"w":-0.9201005697250366},"size":54.26832962036133,"orthographic":false}